00c94960a76c	1751406115
042aa850637b	1751406115
05071365a997	1751406116
0f764484ae76	1751406115
1461f2120867	1751406115
1e3e907bdc0f	1751406115
1f92ed9bc919	1751406115
21f0cc995074	1751406115
2214488bbf83	1751406115
224010e2390f	1751406115
231fb0f20feb	1751406115
3029e42362a0	1751406124
30e5bc1d8c4e	1751406115
32f465d7e7ad	1751406115
35461c66d2b8	1751406115
3f2f65b73c1f	1751406115
3fc2ece40a0c	1751406115
43047605b7be	1751406115
4732ff16032f	1751406122
48098e813a3d	1751406115
4a9f6a2cb19f	1751406115
4fa438515e04	1751406115
5238de9b033e	1751406115
536913034b99	1751406115
556206de44e8	1751406115
57e00a787913	1751406115
5b5caacb4e52	1751406115
5c045091b0c8	1751406115
5d23b2e98888	1751406115
5ed628e62259	1751406115
5f25f3df3572	1751406115
6bd07c4d2f7f	1751406115
6d9f90f4ad46	1751406115
70065df0eeb4	1751406308
70d74010e4b5	1751406115
70e5a382d954	1751406115
76788a22e264	1751406119
7a33bada4c9b	1751406117
7e38c845c70e	1751406529
808ce0d0aabb	1751406115
80ace976c331	1751406120
811162268c47	1751406122
82cec13f5c3c	1751406117
86f6e7624365	1751406115
883be6aec462	1751406115
88955c57f276	1751406378
95d6fcd09474	1751406115
9a1d8cdc09dd	1751406115
9babfe4ae383	1751406115
a1cd2e198d8a	1751406115
a78eec391b23	1751406115
ac3d4ac0065a	1751406115
ace0918a9298	1751406119
ae2e5567a197	1751406140
ae5fd184e992	1751406139
b05f6821b99a	1751406115
b0b6fdcc70d1	1751406115
b295e88476e4	1751406115
b952da6cfbed	1751406124
bd00d7b22e57	1751406115
bfbef03751af	1751406117
c10b54eb5d54	1751406140
c96c1bac7bf0	1751406115
c9f70e81aab8	1751406115
ca70e46d4267	1751406117
cd553f68216d	1751406115
d61ca834a125	1751406115
d7b4c1754288	1751406115
dad447f011b4	1751406115
dadeb0cc7d28	1751406133
e18a01e9807f	1751406115
e713454bee0c	1751406115
e9cc9e23fea0	1751406117
ebb7049a14af	1751406115
f216abf2b714	1751406115
f46078e70c8f	1751406115
f5970b12aa57	1751406115
fa5694286de4	1751406115
fb9590cde8f8	1751406122
ffffffffffff	1751406116
